film,main_char,degree,betweenness
The Doom Generation,AMY,1.8207329549252096,1.9333576572131523
The Elephant Man (film),TREVES,4.130700858866427,4.782840230262983
Groundhog Day (film),PHIL,6.397620514770371,6.94371329239776
Hot Tub Time Machine,ADAM,2.4067691848239954,2.0406982046124367
Basic (film),HARDY,1.7177112431644666,2.593036305603542
Spartan (film),SCOTT,6.342037037813746,6.653534788293647
Inglourious Basterds,SHOSANNA,3.782259036940225,2.655501036315489
The Brothers Bloom,BLOOM,2.62517262718203,3.2763631001346996
Star Wars Episode II: Attack of the Clones,ANAKIN,3.5543893527374895,4.061993684585297
Tron: Legacy,RUSH,2.9059361215310133,4.113772754692213
The Proposal (film),MARGARET,2.56227732345016,2.8128057861538234
It Happened One Night,PETER,4.494877884168809,5.146771808068558
Ali (film),ALI,6.544417511053043,7.60542249081711
Catch Me If You Can,FRANK,6.907949193655685,7.670565430859228
Never Been Kissed,JOSIE,4.94724193015099,6.197442743945787
Days of Heaven,BILL,2.3077052142127465,3.1592190849145307
Waxwork (film),MARK,3.416559830813675,4.229509628958637
I Am Number Four (film),JOHN,2.7029366625492126,2.728050570256472
MASH (film),HAWKEYE,3.862189758423199,5.655330079606693
Rush Hour 2,CARTER,3.7547470286694358,4.494601147153678
Spare Me (film),THEO,3.298864225151353,4.418013661806635
The Other Boleyn Girl (2008 film),MARY,3.349506278826455,5.803965519706612
Quills,COULMIER,2.842650404577617,2.9992003884077874
The Body Snatcher (film),MACFARLANE,2.43031214297659,3.2250337388952772
Hackers (film),DADE,3.396434421711939,4.600036450882406
The 13th Floor (1988 film),DOUGLAS,3.8691468090139676,4.32943743060128
15 Minutes,JORDY,3.2421262330439413,3.7161274912657776
The Ice Storm (film),BEN,2.1203745218539085,2.65283497837218
Badlands (film),KIT,3.406649843746013,3.64122064904594
The Four Feathers (2002 film),DURRANCE,2.6327901321672957,3.062072969849306
Rabid,READ,2.83127243890715,3.302075998402199
Next (2007 film),CRIS,2.804800612310997,2.882450491088788
Saga of a Star World,SKYLER,5.376121168966918,6.375717551614742
Roughshod (film),CLAY,3.0114122455538213,4.7555072186515295
Rachel Getting Married,KYM,2.396324869744487,3.580006686426019
LAvventura,SANDRO,3.734934615198665,5.1871269679729535
17 Again (film),MIKE,3.208444739598739,4.548975404652613
Day of the Dead (1985 film),JOHN,0.3380617018914066,-0.4208502996041013
Interview with the Vampire: The Vampire Chronicles,LOUIS,2.8900976759968695,2.5396863383381083
Runaway Bride (1999 film),MAGGIE,3.3509208253915017,3.653185591900015
The Village (2004 film),Ivy,2.747110099034641,3.038281461087803
Notting Hill (film),WILLIAM,4.005805780654905,5.078332531139225
The Lord of the Rings: The Two Towers,ARAGORN,2.856392187857847,4.599389561556447
Soldier (1998 American film),SANDRA,2.357780325941137,3.1031735364236077
Real Genius,CHRIS,3.4954916018296394,4.006169463967106
Below (film),ODELL,1.3039088158986432,1.0324125269898126
Ed Wood (film),ED,6.434671708797582,7.803566465306282
Casablanca (film),RICK,3.9585239565646617,4.120520476708316
"Crouching Tiger, Hidden Dragon",YU,1.8418291598486765,1.1990309837494904
Basquiat (film),BASQUIAT,5.912990748049279,6.540075887317681
Hesher (film),TJ,3.4225566941766252,4.448813517327338
Edward Scissorhands,PEG,3.2187440587792766,4.361777715280497
Annie Hall,ALVY,5.957353673288682,6.607329373764671
Mission: Impossible (film),ETHAN,4.155254754138481,4.933766658369329
Wonderland (2003 film),JOHN:,3.132854390536273,3.912031852378842
Monty Python and the Holy Grail,ARTHUR,6.352211051096946,7.388039362297704
Eight Legged Freaks,SAM,2.314314029740834,2.5083451034470006
Frozen River,RAY,3.5318572660898253,4.271455363929759
Nurse Betty,BETTY,3.888974903830785,5.089004015722093
Win Win (film),MIKE,3.2347547092388678,4.423932715713601
Les Miserables (2012 film),VALJEAN,3.8057347678639855,5.703183821754143
The Goonies,Mikey,2.0016687263768635,2.15090184730463
Elf (film),BUDDY,4.411971012539431,5.544412593771853
Jimmy and Judy,JIMMY,3.046020385724578,3.5309540804863615
The Reader (2008 film),MICHAEL,3.7975002835235374,4.41913469190453
Phone Booth (film),STU,3.258155596261056,3.9320009480103253
Sweet Smell of Success,SIDNEY,5.754043307181393,7.398589135633173
Panther (film),JUDGE,2.7244408333952275,2.187923844620678
The Roommate,SARA,2.6008600274503024,2.847001590772353
Wonder Boys (film),GRADY,4.341195643477617,4.961254079595944
Life as a House,GEORGE,2.5862684018824,4.3356153682335785
Drop Dead Gorgeous (film),AMBER,4.086381274676678,5.924630129024309
Insomnia (2002 film),WILL,3.58348453429856,4.705805523438811
Wes Cravens New Nightmare,HEATHER,5.3630187305509915,5.8051862982752205
The Black Dahlia (film),BUCKY,6.295592267558267,7.3343068051747675
The Ugly Truth,ABBY,3.9982696492929297,3.91501209317789
Blade II,BLADE,2.7297836938629647,3.960352162212455
Lethal Weapon,MURTAUGH,3.62794362480056,3.3827490850334563
Bound (film),VIOLET,1.9891323231107407,1.7196040757893865
Indiana Jones and the Last Crusade,INDY,4.605712727627641,5.554325459171545
Die Hard,MCCLANE,3.921644578759825,5.418051279256392
Star Trek: The Motion Picture,KIRK,3.3919024418250348,4.997757598266019
Young Frankenstein,FREDDY,5.141432472975694,6.336074055079939
50-50 (2011 film),ADAM,5.461589259483894,6.064427230522118
Super 8 (film),JOE,4.113004767775697,4.6459781650879695
Hard Rain (film),TOM,4.641459613021752,6.060500042028287
Snatch (film),SOL,1.5289964398852154,1.250823857487374
Snow White and the Huntsman,ERIC,3.1010668633579046,3.8083937180431766
Erin Brockovich (film),ERIN,4.970504324956081,5.754013446146525
Passenger 57,CUTTER,2.6710273962987836,2.317195775810069
Sunshine Cleaning,ROSE,3.4384192985625353,3.868329936081221
Clerks,DANTE,4.329310883117365,4.960182795626207
Top Gun,MAVERICK,3.0398749526193876,3.1713616062415437
The Curse of the Cat People,AMY,2.9832172975657714,4.2499997082296135
Rent (film),ROGER,1.8135629854423405,1.3795656371085006
Its Complicated (film),JANE,3.6166967464852715,4.461885689198521
Gone in 60 Seconds (2000 film),MEMPHIS,3.393510409269794,5.024870431055496
Sugar (2008 film),MIGUEL,5.19883888969564,6.297147430221324
Remember Me (2010 film),TYLER,3.1357836112327777,3.8690709816124005
The Godfather Part II,MICHAEL,5.838072235272326,7.000055543351318
The Adjustment Bureau,DAVID,4.15182034874566,5.110191528251309
44 Inch Chest,ARCHIE,2.462347030068311,3.530889911144282
What Lies Beneath,CLAIRE,3.5437465393117096,4.205142299462509
Independence Day (1996 film),DAVID,1.5060088482054006,-0.08216587077980146
Network (film),DIANA,3.7596083445641066,5.8017788084400035
Frances (film),FRANCES,6.240677694873074,7.002609473417027
Superman IV: The Quest for Peace,LEX,3.009393250367783,4.478746529695828
Lost in America,DAVID,4.395443763430472,4.645635534149156
The Hudsucker Proxy,NORVILLE,6.329132549263174,7.21217953172724
Children of Men,THEO,5.109460271332126,6.12901834794027
Leaving Las Vegas,BEN,5.256962755166302,5.621127648997729
Fright Night,CHARLEY,2.319095194542505,1.7703813685870904
The Green Mile (film),PAUL,3.702668240337403,5.487022126466708
Who Framed Roger Rabbit,VALIANT,5.108265909194705,6.066518806781193
Dexter (episode),DEBRA,2.829390030004457,2.894028041080247
Star Wars Episode III: Revenge of the Sith,ANAKIN,2.713684996090923,2.4440037486447337
I Love You Phillip Morris,STEVEN,7.32120208708925,7.540806473093811
Bad Lieutenant,LT,4.8902650176782805,5.0610627829349255
Vanilla Sky,DAVID,4.5490862869934245,4.990334536345167
Only You (1994 film),FAITH,3.9158922965736416,4.621960933702309
Tall in the Saddle,ROCKLIN,3.663814886003432,5.089713559334442
Station West,HAVEN,4.447952211862861,5.048420679568832
Book of Shadows: Blair Witch 2,COTTER,1.7173928502958167,0.9171897852235935
At First Sight,VIRGIL,3.4804438363746497,4.044076737654821
The Iron Lady (film),MARGARET,6.58446785105633,6.766254757802787
Absolute Power (film),LUTHER,2.7781506088347925,3.071502123016025
Romeo + Juliet,ROMEO,2.889043162902194,4.093621985397722
Urban Legend (film),NATALIE,2.6228604585308424,1.8848632835301151
Nine (2009 live-action film),GUIDO,5.794287746721186,6.473790084742788
Dracula (1958 film),HELSING,2.444576596944955,3.3844521291694125
Jay and Silent Bob Strike Back,JAY,6.422664427116258,7.149132797530764
The Exorcist (film),CHRIS,3.3374501093384503,3.841748654044079
V for Vendetta (film),EVEY,2.1804926596751932,3.5299094923545558
A Nightmare on Elm Street 2: Freddys Revenge,JESSE,3.120757990421976,3.3460639893766513
Solaris (2002 film),KELVIN,1.940989917661891,2.761582935032858
Spaceballs,LONE,3.9327107783284414,5.159359605554489
Pie-lette,NED,2.2010954768756386,1.633258582622847
Monty Pythons The Meaning of Life,Ainsworth,2.499990769781742,0.17723924216807624
The Fabulous Baker Boys,JACK,3.779820504420992,4.464015730902643
Heat (1995 film),NEIL,4.962794429280473,5.585695062341808
Solarbabies,Jason,1.8962448894726294,2.3715206334444847
Starman (film),JENNY,3.293547878370473,2.791174195805799
The Godfather Part III,TONY,6.721006137330646,7.8905791859653815
The Family Man,JACK,5.036056342876243,5.158715789236231
The King of Comedy (1983 film),PUPKIN,5.524373538994235,6.131577981700371
Batman Returns,PENGUIN,2.819304285798503,3.98900110347031
From Dusk till Dawn,SETH,3.258824142652384,4.60720805776996
12 and Holding,JACOB,1.6290629680421054,2.107384225388644
The Witching Hour (film),ROWAN,3.706153285335596,4.543954668503122
The Silence of the Lambs (film),CLARICE,5.4491451220307665,6.361602092917068
The Grudge,KAREN,2.452926246767691,3.3210984452888535
Horrible Bosses,KURT,2.970390657682651,3.704222129268286
The Terminator,SARAH,4.821442930707844,5.192802645563289
Scary Movie,CINDY,4.730712737732457,6.010534078648454
The Sandlot,SCOTTY,1.9690105445814505,0.6511269274006509
Jaws 2,BRODY,3.564995143333473,5.88932521672565
Reservoir Dogs,MR. WHITE,1.4316955035478416,0.7021415971959982
Even Cowgirls Get the Blues (film),SISSY,3.9984871479774835,4.38472272918646
Cat People (1982 film),OLIVER,2.2531259566603414,2.5522106854889857
Apocalypse Now Redux,WILLARD,4.790975597080929,5.7728249234525535
Mumford (film),MUMFORD,4.050000000000001,4.720231672993689
84C MoPic,EASY,1.2288478807785606,1.8413840843090539
Fracture (2007 film),WILLY,4.387338972463819,4.826449413977341
The Bodyguard (1992 film),FRANK,4.6169097902937954,5.867856465415723
The Seventh Victim,JASON,1.963961012123931,1.9203912459290244
The Descendants,MATT,4.889027921807201,5.813145969425072
Looper (film),JOE,2.6361677043180047,2.9581983579035755
Benny & Joon,Benny,2.781596030821065,3.590553791764885
The Pianist (2002 film),SZPILMAN,5.548367923732201,6.57987787211981
Awakenings,SAYER,4.942438682175511,5.948423613137527
Jacobs Ladder (film),JACOB,6.455324173230154,7.034136200956627
Sister Act,CHRISTY,5.555617654474167,7.161397700247783
All the Presidents Men (film),WOODWARD,5.452088583697403,5.684771894462005
American Shaolin,DREW,4.194273597804868,4.8468003382186104
Cherry Falls,JODY,3.7458353655796337,4.6195442809588
In the Bedroom,MATT,4.2449841419102015,4.868579810337628
The Sixth Sense,MALCOLM,2.578968618787489,2.520444500801837
Barton Fink,BARTON,6.396697808636752,7.205778097446248
Brick (film),BRENDAN,3.7951370576863495,4.3643036249408995
Austin Powers: International Man of Mystery,AUSTIN,5.063262164673258,5.614569146827067
RocknRolla,ROCKNROLLA,4.458773580340739,5.92458634148389
Nashville (film),TRIPLETTE,1.5436695136208143,0.49199044863072927
The Pacifier,SHANE,5.946760531337241,7.332919536962662
The Bonfire of the Vanities (film),SHERMAN,4.595230001120465,4.744771469477303
The Hitchhikers Guide to the Galaxy (film),ARTHUR,3.4154285320066475,4.647189461198678
Enemy of the State (film),DEAN,6.450739849789745,7.134176983252892
Return to Me,BOB,3.129664078715256,4.433362920946978
No Strings Attached (film),ADAM,4.7806346868992,5.123557118087169
Backdraft (film),BRIAN,2.688104022895085,3.2565803222574727
Malibus Most Wanted,BRAD,3.6667634099923623,4.447076808189056
Hancock (film),MARY,3.2153175157548017,3.3551296608244434
The Lord of the Rings: The Return of the King,GANDALF,3.5010978699466953,4.761374049184417
Star Trek II: The Wrath of Khan,KIRK,3.322438054105706,5.155521513420154
Charade (1963 film),REGGIE,6.164572167544449,7.9282169634204305
The Kings Speech,BERTIE,3.1009711542430556,3.783194401123195
The Girl with the Dragon Tattoo (2011 film),BLOMKVIST,4.705691543608107,5.151372478347634
American Splendor (film),HARVEY,4.324175350550849,5.2962246470677625
Poetic Justice (film),LUCKY,3.7252657160971006,3.7114102525553005
Spider-Man (2002 film),STRAND,1.4966629547095767,1.8668453772423195
Finding Nemo,MARLIN,3.6234577659287286,5.8035637984187245
Major League (film),TAYLOR,4.135086116507927,6.153928800347495
Chinatown (1974 film),GITTES,6.785044476732867,6.90861090074935
Malcolm X (film),MALCOLM,7.608985724200915,8.624399100571578
Feast (film),HEROINE,2.296059188066393,4.49988638555466
Walking Tall (2004 film),CHRIS,4.077240955022125,4.865091514516737
Eagle Eye,JERRY,4.348586547631747,4.533462092721129
Grosse Pointe Blank,MARTIN,5.62093735144422,6.177350141646713
War of the Worlds (2005 film),CLAYTON,5.784710950622249,6.778770401168332
The Life and Death of Colonel Blimp,CLIVE,9.51192352445943,10.299799577345905
The Birds (film),MELANIE,4.635083413098751,5.8008902136204705
Cinema Paradiso,SALVATORE,3.4309777282602267,4.1646157402357025
JFK (film),JIM,6.993263395229153,7.900053219611515
Clueless (film),CHER,3.2987533098149036,4.6882176646637586
Rapture (1965 film),SHARON,3.471224452398881,3.9218997849219335
The Sweet Hereafter (film),MITCHELL,2.871719376655571,3.8517023836503093
The Lincoln Lawyer (film),MICK,5.801671036198429,6.381864647303909
Agnes of God (film),MARTHA,3.725499674686197,4.105629531644922
The Change-Up,MITCH,2.944444444444444,2.4670537737636886
Larry Crowne,LARRY CROWNE,4.8784187061142,5.867979487817522
Ferris Buellers Day Off,FERRIS,5.501107629099898,7.357737531526443
House on Haunted Hill (1999 film),PRICE,1.5567572208993465,2.3880515079984432
The Sting,HOOKER,2.994596170827665,2.9522595547650394
Megamind,MASTER MIND,3.2785389737661315,3.9932711279788906
I Know What You Did Last Summer,Julie,2.4842360136324757,3.123094761001625
The Cell,CATHERINE,2.7759041407405634,3.1542380750762993
Highlander III: The Sorcerer,MCCLEOD,3.841371547447424,4.285564674080287
SubUrbia (film),JEFF,1.0912992559028278,0.1973393034480012
Deception (2008 film),JONATHAN,5.526237687282541,5.7383835476545
Case 39,EMILY,4.873397172404481,4.98364867204154
Scarface (1983 film),TONY,5.9512676579615515,6.306113490442839
The Verdict,GALVIN,4.376584090656414,5.479779014939991
Get Low (film),BUSH,1.6894735829998413,1.987246895299503
Petulia,ARCHIE,4.428450423793605,5.377691538792482
White Angel (1994 film),STECKLER,2.567171911193643,2.632297770782172
WALL-E,CAPTAIN,3.306536921240167,4.25492038121093
The Truman Show,TRUMAN,4.769506782241574,5.400759762264302
Being Human (film),HECTOR,6.556722749337907,7.032436940442645
Celeste and Jesse Forever,CELESTE,4.034539869888819,4.627262391664221
All About Steve,MARY,5.027666274448579,5.99119695683234
Queen of the Damned,LESTAT,3.440014248609237,4.268231857790412
Hitchcock (film),ALFRED HITCHCOCK,4.539463508577291,5.220784825488567
Friday the 13th Part VIII: Jason Takes Manhattan,RENNIE,2.743184734030998,3.0419950264305116
Monkeybone,STU,4.342733867225274,4.964644691361205
The Nines,GARY,0.6187184335382294,1.5144802821536938
A Serious Man,LARRY,5.398001020045009,6.22982113672613
Saving Private Ryan,MILLER,3.9244628232032253,5.028527308959982
Jennifer 8,BERLIN,3.528498993035641,4.396258594173041
Up (2009 film),CARL,3.0422660939230273,3.3179993905917815
Star Trek: Nemesis,PICARD,2.7039711202795336,4.300268906202807
The Searchers (film),ETHAN,3.6630074163587354,4.792947071237757
Bad Dreams (film),CYNTHIA,3.7547086812632284,5.134788522003748
A Dry White Season,BEN,5.305603961523535,6.557245372702149
The Night of the Hunter (film),PREACHER,5.484272272901665,6.617730587287057
Extract (film),JOEL,3.0290849196146628,3.6783730740833125
Shifty (film),SHIFTY,2.1505813167606562,2.9690988663737174
Erik the Viking,ERIK,4.464807033346285,6.6049974657775286
Superbad (film),SETH,3.6401911476330095,4.658133459948265
Purple Rain (film),VANITY,2.765054224039459,2.6118183029354265
Goldfinger (film),BOND,5.753618358176687,6.478227586556705
Hider in the House (1989 film),JULIE,2.9232429780903195,2.958623736959897
Withnail and I,Withnail,1.8708286933869707,1.8708286933869707
Sleepy Hollow (film),ICHABOD,4.02399541618857,5.083588032528191
Death at a Funeral (2010 film),AARON,1.5778744196381722,3.4061753330329707
Mr. Blandings Builds His Dream House,JIM,4.170978161478362,4.979462295830763
Hudson Hawk,HAWK,4.595556732012056,5.847057445595593
Mary Poppins (film),Mr. Banks,2.005663348879218,1.4103471395475966
The Private Life of Sherlock Holmes,HOLMES,3.7630210837841576,4.3614095227248315
Fight Club,JACK,5.1094056341614955,5.457479718114239
Halloween II (1981 film),LOOMIS,2.5863449746444984,4.003976638298121
The Butterfly Effect,EVAN,4.160792607418834,4.96163899306385
Limitless,EDDIE,5.5716228356735185,5.727026598458252
Batman (1989 film),VICKI,2.4127831711996737,1.426812580446184
Kalifornia,EARLY,2.957625717005406,2.972352420179422
Midnight Run,WALSH,3.75069461136335,4.791771500272902
Boogie Nights,DIRK,4.28801241163971,5.721969164138587
Resident Evil (film),ALICE,3.003856596748136,4.20431530492993
We Own the Night (film),BOBBY GREEN,4.900834354311278,5.896543027617702
Buried (film),PAUL,3.8146448263914627,3.872888087619968
Ace Ventura: Pet Detective,ACE,5.495799346257413,6.0841850441176515
Supergirl (film),SELENA,3.3313513921383473,4.201077004468271
The Old Dark House,PENDEREL,1.120631051456443,0.680594361688992
Observe and Report,RONNIE,4.36550322848353,4.9651358702718085
Deep Rising,FINNEGAN,2.828862501817151,3.982145164143699
The Crow (film),ERIC,4.884915720248945,5.953378314684686
The Bourne Ultimatum (film),VOSEN,3.347249861102852,3.703798047066754
After.Life,ELIOT,3.8674198672975826,3.929043758728563
The Jacket,STARKS,4.508617686558952,5.0298018473958095
Blade (film),BLADE,3.6948187226518203,4.188784724241691
Aladdin (1992 Disney film),ALADDIN,2.5200119290787866,3.916594708998658
The Craft (film),Sarah,2.8347335475692046,3.1716238092842386
The NeverEnding Story (film),Atreyu,2.686188704484025,2.714305803946344
Wild at Heart (film),LULA,4.197713667739144,4.8402394296512785
Detroit Rock City (film),HAWK,3.5463809943404185,4.363562878099315
One Eight Seven,TREVOR,4.249038505782795,5.117819049827552
Jaws: The Revenge,MICHAEL,2.396645372534123,2.149275224008438
Virtuosity,PARKER,5.199848485330005,5.803995739173983
Buffy the Vampire Slayer (film),BUFFY,3.731012536223183,4.547809735281945
M (1931 film),SCHRNKER,2.385288755367614,0.7004060533758333
Klute,BREE,3.9798224604582413,4.360918555981892
The Fly (1986 film),VERONICA,1.7056057308448833,1.7585556861719391
Aliens (film),RIPLEY,2.5810953210830325,4.012164918527146
Ticker (2001 film),REILLY,4.011269222769497,4.380057647805722
Bonnie and Clyde (film),CLYDE,2.532131663347696,3.1815831896262954
The Majestic (film),PETE,4.030993462776047,4.964326953015595
Ghostbusters,RAY,2.5184800843929405,2.8139858798104767
I Am Legend (film),NEVILLE,4.470587190267513,4.818582298324179
Pet Sematary Two,CHASE,2.801532576294156,3.892802498434956
Manhunter (film),GRAHAM,5.623142673397778,6.202878553446724
The Grapes of Wrath (film),TOM,5.379559896887009,6.7686508309867035
Next Friday,CRAIG,2.723290108100042,3.8041029097153523
A Hard Days Night (film),PAUL,1.3131706185258916,0.5801336550258358
Life of Pi (film),PI,2.6830070616328046,2.301221322257396
An Education,JENNY,2.4545454545454546,3.089763343124541
Contact (1997 film),ELLIE,5.756233027459763,6.6541821643193355
Hannah and Her Sisters,HOLLY,2.3173796885430886,2.3077840923330393
Gran Torino,WALT,4.783729338122174,5.292298968971602
Black Snake Moan (film),LAZARUS,3.318223132613336,3.5650502711753833
A Perfect World,BUTCH,4.975227541675031,6.435540806073683
Existenz,PIKUL,2.6278148227179265,3.0692390970555135
Gattaca,JEROME,3.52052095528633,4.412099245341144
G.I. Jane,JORDAN,3.417430630867045,4.937546044723789
Air Force One (film),MARSHALL,5.441558968783032,7.0492454358201755
Predator (film),SCHAEFER,2.4431731258216858,3.288359276233211
The Kingdom (film),RONALD FLEURY,3.934756729906998,5.39196988259801
Rocky,ROCKY,4.713489616667141,5.586005128265712
Fantastic Four (film),REED,1.931388919377642,1.7653195948058387
Pariah (2011 film),ALIKE,2.6727090178274002,3.3460880131353394
Sexual Life,SARAH,0.8218892918344466,0.5212763441778244
Avatar (2009 film),JAKE,2.589425505966851,3.758389376119296
Crank (film),CHEV,5.707858243551515,7.492985800511632
Pleasantville (film),DAVID,5.49217201458617,6.8859325825618205
Apocalypse Now,WILLARD,4.626985724812808,5.798197554119506
The Assignment (1997 film),RAMIREZ,3.8428396967112115,4.8373849645245715
Viridiana,VIRIDIANA,4.313466801845404,5.780188834871854
The Godfather,MICHAEL,4.025955005587912,5.336248930414071
Arbitrage (film),ROBERT,4.406174049791286,5.208578696346704
The Miracle Worker (1962 film),KATE,2.2079402165819615,2.07090796362717
Ghost Ship (2002 film),MURPHY,3.1063389463066726,4.170419998402119
The Horse Whisperer (film),ANNIE,3.4365881793660815,4.552433870709353
Snow Falling on Cedars (film),ISHMAEL,3.4058544240728565,4.947076661684534
Lord of War,YURI,4.814437448655852,5.346908205879015
The Box (2009 film),NORMA,3.232585472297832,3.6715093755166275
Hes Just Not That Into You (film),GIGI,3.545251748820315,5.096426669999029
The Imaginarium of Doctor Parnassus,VALENTINA,2.1300480832615643,2.0365235231462444
Chasing Sleep,ED,3.470863756106551,3.923604171601903
The Sessions (film),MARK,3.9000674757995495,4.555044655942145
Amour (2012 film),GEORGES,2.9586910517534655,3.632640056173679
The Addams Family (film),GOMEZ,1.915835321293934,2.9933546268375193
Portrait of Jennie,ADAMS,5.174529696093894,5.498972913429244
The American (2010 film),JACK,3.9162837111870323,4.4488699284230355
Easy A,OLIVE,5.3260032069486964,5.560864654850679
When a Stranger Calls (1979 film),JILL,2.530149923421186,2.8643842318029757
Hellboy (film),HELLBOY,2.266148148831489,1.729306167345122
The Rescuers Down Under,Wilbur,1.7421268134971453,2.225515610866598
Mr. Deeds Goes to Town,LONGFELLOW,5.297211176408252,6.3972941341273035
Die Hard 2,MCCLANE,4.737668223017036,6.16853552050287
Freddy vs. Jason,MEAGAN,4.240106033951964,5.468932655548049
Joe Versus the Volcano,JOE,4.3121956024362715,4.656790486785712
"Crazy, Stupid, Love.",CAL,4.0093318979652,5.009625438038385
The Ruins (film),JEFF,2.6448147066416863,2.2336408546581197
The Bourne Supremacy (film),BOURNE,4.580364432561021,5.105502666570393
Arctic Blue,ERIC,1.9721672752391661,2.593396967635289
Kill Bill Volume 1,THE BRIDE,6.163575731321369,7.1119390650859025
Ordinary People,CONRAD,2.7809764659777163,2.873648932118609
Big Fish,EDWARD,4.393010508638847,4.881884193023514
Mulan (1998 film),Mulan,2.500160766535004,3.9442957402181773
The Best Exotic Marigold Hotel,EVELYN,2.6216259191703846,2.751586898629498
The Shipping News (film),QUOYLE,4.487024482250898,5.228921988140399
The Whistleblower,KATHY,6.550357271576027,7.210876476723964
Idiocracy,JOE,5.24281028814738,5.798443854744815
Max Payne (film),MAX,3.9585141049231787,5.194855360501616
Analyze That,BEN,3.007698713838173,1.6743219079252085
Mystery Men,FURIOUS,3.1531744797848065,2.9473448725475615
Kafka (film),KAFKA,5.593604943822382,6.0791337098647436
Stir of Echoes,TOM,4.256153104990901,5.1435903192670285
Kids (film),TELLY,2.892869203074149,2.339590964108215
Rambo: First Blood Part II,RAMBO,2.1403780680318314,2.941221097138595
The Mummy (1999 film),O'CONNELL,2.5149255057359445,3.4889653969397427
Drive (2011 film),DRIVER,3.13070344322432,3.997172493413564
Babel (film),RICHARD,5.027217000762135,6.134317670668495
The Saint (film),TEMPLAR,5.815290236819535,5.971530536823747
Moon (film),GERTY,1.6681153124565977,1.441569619870229
Drive Angry,MILTON,3.6365007811128653,3.897635896147657
Bloodfist VII: Manhunt,JIM,2.3426064283290904,2.717349060451185
The Invention of Lying,MARK,5.9678097870638425,6.231660925035901
Millers Crossing,HIS POV,2.5354627641855503,2.3926766818358027
Burning Annie,MAX,2.68247506571948,3.9382116861674024
"Sex, Lies, and Videotape",ANN,1.1180339887498947,0.5887015554940623
The Kids Are All Right (film),JULES,1.7965355221792083,1.8008998766944193
Theres Something About Mary,TED,3.315369206441256,3.7606276509296945
Seven (film),SOMERSET,3.581130440188235,3.6337266720204227
The Bachelor Party,CHARLIE,2.0027096611802757,2.1132357589426602
Hellraiser: Deader,AMY,4.255101352725733,4.896145491046856
Do the Right Thing,MOOKIE,4.372836374308005,4.6193894577142185
Gremlins,BILLY,5.727457182856461,6.334589128700039
Freaked,RICK,5.195581433916456,6.125390146309434
Five Easy Pieces,BOBBY,4.217994762991983,5.218123880165732
Dog Day Afternoon,SONNY,5.181233780311262,6.5868643821909245
Bad Boys (1995 film),BURNETT,3.692871713897659,4.257918063744203
The Doors (film),JIM,6.461868339540425,7.839285776389679
Boiler Room (film),SETH,4.350117567831659,5.692431530626646
Burlesque (2010 American film),ALI,5.41073420963187,6.39431778962722
G.I. Joe: The Rise of Cobra,DUKE,1.592842520417057,1.6423739515058782
Hellboy II: The Golden Army,HELLBOY,2.543631929970054,3.1596195089673778
A Nightmare on Elm Street 4: The Dream Master,ALICE,2.5337032178031103,3.7044422884973254
Cool Hand Luke,DRAGLINE,3.9824773518657417,4.125784523905117
Leviathan (1989 film),BECK,3.727056520529873,5.254262925644908
Apt Pupil (film),TODD,2.7204806980433425,3.5147444116788193
Pet Sematary (film),LOUIS,2.0154016077712074,1.6155890610812966
Last Chance Harvey,HARVEY,4.188449812453584,4.819795250642647
XXX (film),XANDER,3.8102563398275744,4.317384277252693
The Power of One (film),PK,4.595084187937459,5.404858965300361
Troops (film),DAEMOND,0.5773502691896255,
Silverado (film),PADEN,2.350320903776905,2.7595138955773093
The Swimmer (1968 film),NED,6.133725976224577,6.267292435661454
Perfect Creature,LILLY,2.2302981001403155,1.7911174564591894
The Producers (1968 film),BIALYSTOCK,5.513827967081918,6.00893323752995
Napoleon Dynamite,Napoleon,2.448564534159886,3.005784673666402
Hard to Kill,STORM,4.318247361369263,5.037003207652953
Bad Santa,WILLIE,3.786909082945036,4.542982725453037
Panic Room,MEG,2.5253432421288866,3.0283906028264886
Heavy Metal (film),PILOT,3.0505578832283535,0.4069190439001163
Sleepless in Seattle,SAM,3.333974297349129,3.588388266546001
The Wizard of Oz (1939 film),DOROTHY,5.047194096180826,5.817568352015137
Zerophilia,LUKE,1.6337989813774068,2.7543213521083496
Defiance (2008 film),TUVIA,4.764029535705918,6.563176428296187
Pirates of the Caribbean: The Curse of the Black Pearl,JACK,2.3627260160255834,2.042364772386262
Priest (2011 film),PRIEST,3.762100298076366,4.0953750374159394
Misery (film),ANNIE,2.7363522730774696,2.8682918260847505
Slither (2006 film),BILL,2.66753622761092,2.5360940385889177
A Few Good Men,KAFFEE,3.442413799350311,4.542172787544323
Black Rain (1989 American film),NICK,4.86915634102966,5.537448717720643
The Game (1997 film),SCHUYLER,5.181791595354108,5.384687007365799
Colombiana,CAT,4.168694157254197,5.220525883334215
Indiana Jones and the Kingdom of the Crystal Skull,INDIANA,4.602873089491617,5.130264377424675
The Evil Dead,ASHLY,,
Star Trek Generations,PICARD,3.2291886867242807,4.49348144814339
The Hebrew Hammer,HAMMER,4.725815626252609,5.731826805632432
Music of the Heart,ROBERTA,5.770746081599283,6.527224619696457
Marley & Me (film),JOHN,4.532560545819385,5.224478958465834
Anastasia (1997 film),ANYA,4.388409523968741,5.610866182417525
Blue Velvet (film),JEFFREY,3.9939054132163583,4.683082647210831
Entrapment (film),MAC,2.397561119080782,2.2216523880284833
The Italian Job (2003 film),CHARLIE,2.853870759731949,3.7717356907537662
Rushmore (film),MAX,5.336733677631857,6.171020622508795
The Public Eye (film),BERNZY,5.767186376017021,5.987426182863291
Charlies Angels (film),DYLAN,3.149059228926396,4.809139417948426
Wild Wild West,WEST,4.084759919951447,5.450502882865909
Swordfish (film),GABRIEL,2.7680804051341426,2.1670538091587006
The Men Who Stare at Goats (film),BOB,4.589088388210612,5.039148387831934
Mobsters,LUCIANO,4.93291154378543,5.438000679795024
The American President,SHEPHERD,4.12760818823352,5.1413484927042035
Logans Run (film),LOGAN,4.131423886288749,4.811639829871871
Cradle 2 the Grave,FAIT,3.9314801809764144,5.318710976154672
Tamara Drewe (film),NICHOLAS,2.146060970532531,2.682984057060427
A Night at the Roxbury,DOUG,3.775385163099165,4.378761947561893
Boy Who Never Slept,DANIEL,2.900030972372288,3.3687645329549034
Halloween H20: 20 Years Later,KERI,3.395039291865864,4.298348534706301
This Is 40,DEBBIE,3.822269223860973,4.818474419872896
Airplane II: The Sequel,TED,5.17124378317944,6.699226279419505
Hellraiser: Hellseeker,TREVOR,5.345718473982567,5.8777906449337864
The Devil and Daniel Webster (film),JABEZ,3.428403374000953,4.704508847858741
Escape from L.A.,PLISSKEN,3.7796604480166045,5.001354418642921
Murderland,BRUCE,0.7150744330202329,-0.11796514752295961
Dune (film),PAUL,3.9246231241568488,4.83702331823089
Dead Poets Society,NEIL,1.7650670586662636,1.8900273522754325
Rise of the Planet of the Apes,WILL,5.030130890563968,5.567925848405055
Three Kings (1999 film),ARCHIE GATES,2.890319721929591,2.8653593328837297
Dr. Strangelove,MAJOR KONG,3.180482335353295,3.790922126832922
Wag the Dog,BREAN,4.655572424085599,5.409610825410965
True Grit (2010 film),Mattie,5.29768831955105,5.910574328033251
Beasts of the Southern Wild,WINK,1.5888598190134726,0.9886254184333136
Halloween: Resurrection,SARA,3.6136145283667354,4.763405948774932
Traffic (2000 film),ROBERT,4.354811241157364,6.120758167389948
Jason X,ROWAN,2.5960204277051795,4.093419589968947
Alone in the Dark (2005 film),CARNBY,2.6758086430399253,4.43196387230309
The Lost Weekend (film),DON,4.854239009735343,5.166204672945705
Legally Blonde,ELLE,5.272440911921036,6.478753527899903
"O Brother, Where Art Thou?",EVERETT,4.972144003538669,5.814602473287509
Somethings Gotta Give (film),HARRY,3.4497695407205478,4.395496197303142
What Women Want,NICK:,8.362584939434235,9.366872173183776
The Last Flight (1931 film),CARY,2.472091934396876,3.572681746834142
The Naked City,MULVEY,4.998021805601271,4.995490834252173
"South Park: Bigger, Longer & Uncut",KYLE,4.678415232664134,5.692655020011067
A Nightmare on Elm Street,NANCY,3.799305832284645,4.8039321302012015
Freaks,HANS,1.5927647106357263,0.02950881402718033
The Manchurian Candidate (2004 film),MARCO,4.9310251738333655,5.566107397240727
Invaders from Mars (1953 film),DAVID,3.814010443406538,4.818662960704621
The Time Machine (1960 film),TIME TRAVELLER,3.0231681866179723,3.7101874111310424
The Lord of the Rings: The Fellowship of the Ring,GANDALF,1.5322818680900627,1.3982710528406557
American Graffiti,CURT,2.964279875069733,4.039591522329934
Cecil B. Demented,CECIL,4.806655578631976,5.898511991974625
The Queen (film),ELIZABETH,3.8921964940618166,5.303178522388232
The Rock (film),GOODSPEED,3.2134993434269195,3.853638638808663
Blow (film),GEORGE,5.770368627941478,6.430969765073732
Mrs. Brown,BROWN,2.46405272254419,3.2066774104084472
The Hospital,BOCK,6.187545093630775,7.302665813820292
An American Werewolf in London,DAVID,3.8716600262754097,3.911491014817659
Harvey (film),ELWOOD,4.863174283282189,6.564968900040806
Jane Eyre (2011 film),JANE,4.166428264362091,4.841672904691347
"The Chronicles of Narnia: The Lion, the Witch and the Wardrobe",PETER,2.520247676647744,3.4309302963959007
The Good Girl,JUSTINE,2.573251177328327,3.226640345343386
"Bodies, Rest & Motion",NICK,3.500353588928517,4.437377428073955
Friday the 13th Part III,SHELLY,2.601265200851557,2.7034404497930824
Land of the Dead,RILEY,3.9300791352179636,4.656857407175159
The Corruptor,CHEN,3.0641293851417055,4.087583920374418
The Boondock Saints II: All Saints Day,EUNICE,2.2291159841743466,2.0093870897932207
Anonymous (film),OXFORD,1.9178953925868443,1.5532858209895446
Moonrise Kingdom,SAM,2.5755848716604866,3.076913439843475
Star Trek: First Contact,PICARD,3.6870145992458814,4.7836452413106585
Broken Embraces,HARRY,2.9192870141528227,3.3538263497176644
Twin Peaks: Fire Walk with Me,LAURA,6.336651662700167,7.232724950802432
Dragonslayer,GALEN,3.1441410053746393,3.468894288730721
Final Destination 2,KIMBERLY,4.2036060240361595,5.474843567056797
Labyrinth (film),SARAH,3.773163027587228,4.69902105545379
Invictus (film),MANDELA,3.6547476944546924,3.7321939242951765
Field of Dreams,RAY,4.255381913171112,5.1173863155912915
Antitrust (film),MILO,4.344042854351854,5.508482096169417
Duck Soup (1933 film),GROUCHO,2.534014048371989,3.501429684229531
Highlander: Endgame,DUNCAN,4.401922782554313,4.55297630145452
The Relic (film),PENDERGAST,2.4983133037963547,3.380825928989767
Little Monsters,BRIAN,2.441057739300309,3.3544363195888134
Django Unchained,DJANGO,5.960605355110918,7.095891777909527
The Battle of Shaker Heights,KELLY,4.205266943286837,4.921650484053965
Ring (film),ASAKAWA,4.688840896346936,4.884874333597138
Red Riding Hood (2011 film),ISABELLE,2.6632486021691237,4.3551240221784475
Evil Dead II,ASH,3.9758455637634103,4.757642650697111
Requiem for a Dream,HARRY,3.3859746190134112,2.924060080349836
Smokin Aces,MESSNER,3.3101772388080604,4.24405530701727
The Ninth Gate,CORSO,4.157573059459152,4.850132636711913
30 Minutes or Less,WILL,3.0484454202953155,3.8140739790458413
Water for Elephants (film),JACOB,4.38171104824181,5.006354514760212
Very Bad Things,FISHER,3.1936138805090306,4.374070981786405
Psycho (1960 film),SAM,4.094447752126151,3.2694537400726222
You Can Count on Me,SAMMY,1.998379473062744,1.2295814951973651
Donnie Brasco (film),DONNIE,3.9986810184063284,3.831058484258016
The Incredibles,BOB,3.7673303049951126,4.51463382310279
The Parent Trap (1998 film),ELIZABETH,1.8481175453792058,1.3584564422834522
Friday the 13th: The Final Chapter,TRICIA,1.5799050110667285,3.3062958878588
Glengarry Glen Ross (film),ROMA,1.0000000000000002,1.2182191802030096
Flash Gordon (film),FLASH,2.5947272993677433,2.8143776819061617
American History X,DEREK,3.510516233833187,4.8344045848385635
The Princess Bride (film),INIGO,3.067273584857963,4.300250515405253
The Last of the Mohicans (1992 film),HAWKEYE,3.9071376998408365,4.683044636435341
What About Bob,BOB,4.320366433933906,5.028471708137465
The Perks of Being a Wallflower (film),CHARLIE,3.6003622186964073,4.330355463747974
Stolen Summer,PETE,2.3009074802132363,2.6904728659017705
The Grifters (film),ROY,3.85275875185561,4.31319491361773
Hanna (film),HANNA,3.727754131566278,4.265748453293547
Kate & Leopold,KATE,1.809068067466582,1.0709705293866978
Inventing the Abbotts,DOUG,2.042109880970524,3.2560528732346787
2001: A Space Odyssey (film),BOWMAN,2.9463444945969055,2.975471482512579
Tombstone (film),WYATT,4.0752137488976805,5.776454959115603
Law Abiding Citizen,NICK,3.3065431110136845,4.057830536084705
All About Eve,MARGO,1.4350108206432877,2.661031786394482
12 (2003 film),ALLEN,3.3094530860031224,3.2484058470061927
The Big White,PAUL,2.396469055182798,2.4562556263360933
How to Lose Friends & Alienate People (film),SIDNEY,4.711971387607291,5.59358611612844
The Thing from Another World,HENRY,3.4848917942477624,5.279939885278468
On the Waterfront,TERRY,4.883760973178113,6.599226718523988
Antz,Z,4.044683029458158,5.049465710369804
Last Tango in Paris,JEANNE,3.5346797871209903,3.2728185115037443
Crime Spree,SAMI,1.8243674944871229,1.6151969527501684
Cliffhanger (film),GABE,4.52549507662197,5.516757415524766
Scream 3,GALE,2.013751652889609,1.4312986983859761
Vertigo (film),SCOTTIE,3.988548276021957,4.263504776183681
I Still Know What You Did Last Summer,JULIE,2.1847605836674693,2.5962180539014477
Platinum Blonde (film),STEW,3.9525604123086646,4.9936892391172885
Cellular (film),RYAN,4.190838589509038,5.102895758313177
Basic Instinct,NICK,2.9598738644430727,4.12361028899961
The Fighter,MICKY,3.744693359059337,4.571714591806887
Hellraiser,LARRY,1.3699344972044325,1.677321449153416
Planet of the Apes (2001 film),OMIT,1.9167454300136622,2.5904762857799124
The Getaway (1972 film),DOC,3.9272415992485876,4.8426647055003995
Metro (1997 film),ROPER,4.477215043467819,5.311836830831747
Rebel Without a Cause,JIM,3.227272727272727,4.335876979759048
Blue Valentine (film),DEAN,2.5767067534294803,2.4390494858118643
Ghost (1990 film),SAM,2.972420693429168,3.46378707349535
Tron,FLYNN,2.6045654753436187,2.5754420537886777
Pandorum,BOWER,2.852890297723951,3.7525832489198114
Suspect Zero,MACKELWAY,3.683917961755761,4.256748434456732
The Island (2005 film),LINCOLN,6.10828527170721,6.290611971893418
Grand Hotel (film),BARON,3.267853591496942,3.5615294030016598
Star Trek VI: The Undiscovered Country,VFX,-0.7071067811865474,-0.7071067811865475
Heathers,VERONICA,4.154481836671024,5.198333976959991
One Good Turn (1931 film),RUTH,1.6413500086045842,1.0880990080876427
Three Men and a Baby,PETER,3.110982183404881,3.502031822782265
The Day the Clown Cried,HELMUT,5.785028480967706,7.51997475617001
Goodfellas,HENRY,5.351052147517926,5.692115624392953
Hollow Man,LINDA,1.7238340960749334,1.9186494979536362
Breakdown (film),JEFF,4.00348399690201,5.167384740833546
Ted (film),JOHN,3.6599656879825115,4.1828036458750875
Juno (film),JUNO,3.6827397982730834,4.498738225687982
Assassins (film),RATH,1.9611613513818402,2.142506977715497
Devil in a Blue Dress (film),EASY,5.787088023479882,6.31682323735055
White Christmas (film),BOB,3.3130069951897,4.423876608502547
Cruel Intentions,SEBASTIAN,3.4486524735750264,4.060360999929234
Fright Night (2011 film),CHARLIE,3.7370768000147407,4.8475711696718795
Constantine (film),JOHN,4.701696672729375,5.084558061829703
The Ladykillers (2004 film),DORR,3.061948543577456,2.0062308752151554
The Mechanic (2011 film),BISHOP,4.236405305133772,4.72640887172971
My Week with Marilyn,COLIN,3.523410066853776,5.543331078504884
Dracula (1931 film),LATER THAT NIGHT,0.5773502691896255,
Fast Times at Ridgemont High,STACY,2.933772327356282,3.7076700920175782
From Russia with Love (film),BOND,5.304522448448702,6.655780058058151
Shock Treatment,JANET,5.320759955009652,4.29563044361168
Superman III,GUS,3.222630390168857,3.093294824770329
Collateral (film),MAX,3.122770084757656,2.974259811779419
Hope and Glory (film),GRACE,2.56766313817363,2.6981507876888213
"Synecdoche, New York",CADEN,7.383666082174378,8.259035553832243
Event Horizon (film),MILLER,2.450330604353172,3.0268458731749615
Grand Theft Parsons,PHIL,2.37565136598877,1.5834583253067422
Witness (1985 film),BOOK,4.880364456033707,6.104669136321766
Thelma & Louise,THELMA,3.0202658407766023,4.012485689553707
Beavis and Butt-head Do America,BUTT-HEAD,3.9416621053253027,4.117596733447254
Minis First Time,MINI,4.84365369551148,5.559113288421905
The Damned United,CLOUGH,5.101437300900595,5.457217189017858
The Bounty Hunter (2010 film),MILO,3.7922700133781126,4.452382633084806
Beloved (film),SETHE,3.885931140601064,4.831506544924905
Into the Wild (film),CHRIS,5.135127907734785,5.7549093293787745
Sex and the City (film),CARRIE,3.7910479060080005,4.842258337181624
Magnolia (film),JIM KURRING,1.290545329067062,1.0097350850420845
Lost Highway (film),PETE,3.7277004960353635,2.8016005999350995
Silver Linings Playbook,PAT,4.186410288313367,5.668410053681085
The Man in the Iron Mask (1998 film),ARAMIS,2.012987012987013,2.1569893924399612
Shame (2011 film),BRANDON,4.195988289597137,4.797599937810008
12 Monkeys,COLE,5.259190389872347,5.718195796682768
The Fugitive (1993 film),GERARD,4.293590884144922,3.6459637018648388
Out of Sight,FOLEY,3.43988481943479,4.474030852657942
Pulp Fiction,VINCENT,4.467049365133492,4.587223281474976
The Third Man,MARTINS,6.336899190377051,8.80979721346967
The Adventures of Ford Fairlane,FORD,5.956500203977936,6.68080559201255
Peeping Tom (film),MARK,3.5089394579986823,5.0421605533106275
The Thin Man (film),Nick,5.442262868881688,6.969656099777264
Unknown (2011 film),MARTIN,3.6367469861472665,4.44570635026954
The House Next Door (film),TERRY,1.4905624045035206,0.8944506841428924
I Walked with a Zombie,BETSY,2.353145557676245,3.303916793875806
The Dark Knight Rises,WAYNE,2.141860188858698,1.6360230011652594
Mulholland Drive (film),BETTY,5.53261998697385,6.115176199596317
The Running Man (1987 film),STAGE,1.7441631985447625,1.5314555745224212
The Next Three Days,JOHN,4.892798891437506,5.879947034328605
Stranglehold (1931 film),RICHTER,3.3849116855014216,4.159203882874216
Margaret (2011 film),LISA,6.2824744709562745,7.3158835122674
The Last Station,VALENTIN,1.2283899534733822,0.6921541411344213
Oceans Eleven,DANNY,2.9409904694319935,3.551870867569778
The Ghost and the Darkness,PATTERSON,2.934525888978833,3.809292619339194
Chaos (2005 Capitol film),CONNERS,3.276494507045061,4.064464897920109
Lone Star (1996 film),SAM,6.190069390913763,7.246009007974582
The Avengers (1998 film),EMMA,2.5858026454733087,2.879475169956594
1492: Conquest of Paradise,COLUMBUS,4.966509850558418,5.423851444035358
American Beauty (film),LESTER,2.277437593371385,3.452179472754083
Punch-Drunk Love,BARRY,5.486690948042504,5.858293337266328
The Cincinnati Kid,KID,2.5067535917019605,4.229922016925689
Cast Away,CHUCK,5.219704701021633,5.460760259979413
Lincoln (2012 film),LINCOLN,5.828967832934151,6.851866463153289
Only God Forgives,JULIAN,2.7888285564304653,2.8754689777973
Deep Cover,HULL,3.0835500823103863,4.113700398399599
Some Like It Hot,JOE,3.2895198160329677,2.686529119351075
Halloween (1978 film),LAURIE,2.555785365587544,3.2294177983293126
Little Athens,JESSICA,2.5916232178746186,3.1074450925709813
Midnight in Paris,GIL,3.502974386381203,4.585614148869885
The Omega Man,NEVILLE,4.0702013623941,4.317218556020146
Nosferatu,HARKER,1.8593393604027362,2.0436415018870835
Dances with Wolves,DUNBAR,2.444890991724333,4.391891453003547
Mission: Impossible II,ETHAN,3.1503276511144596,4.7823735452093885
The Fifth Element,KORBEN,4.261460172331413,5.073608450437813
Thor (film),THOR,3.153290474709916,4.144682615173973
Sling Blade,KARL,3.2644795248654392,4.087624981237326
Flight (2012 film),WHIP,5.2175028572655116,5.687034263314395
Taxi Driver,TRAVIS,4.187489718229832,4.471157428898068
Disturbia (film),KALE,2.5155764746872635,2.9229965982520145
The Replacements (film),SHANE,6.834493949315074,8.5671564504596
True Lies,HARRY,2.79776268442101,3.386817700827092
They (2002 film),JULIA,6.0621308500944435,6.870225470397145
Conspiracy Theory (film),LIZA,4.68542282544669,4.675466900625002
Scott Pilgrim vs. the World,SCOTT,3.7499179391134536,5.323245548106517
The Losers (film),CLAY,3.057170219770266,3.846091733914757
Star Wars (film),LUKE,3.324907861316524,4.794332728740281
Hellbound: Hellraiser II,KIRSTY,2.816729000836066,3.5416188762770373
Ginger Snaps (film),BRIGITTE,3.282700017209168,4.0883112822953604
Robin Hood: Prince of Thieves,ROBIN,3.8714482180672705,5.634568883062546
Bamboozled,DELACROIX,5.79263179330089,7.314866264086857
Henrys Crime,HENRY,2.9333333333333327,3.3721773439512766
Planet of the Apes (1968 film),TAYLOR,2.987413001478521,3.923320405530147
Rush Hour (1998 film),CARSON,4.187756188472034,5.58123595529746
Fair Game (2010 film),VALERIE,6.0825560169462385,6.942991262011199
Timber Falls,MIKE,2.175659976310254,3.394131807030496
Light Sleeper,LETOUR,4.409362524912892,4.510373606185793
Battle: Los Angeles,SGT. NANTZ,3.172141010656904,4.4821405593187365
The Program,JOE,4.319646858025194,5.658495291815248
Wild Hogs,DOUG,3.5704155944509157,4.811182235653132
Sunset Boulevard (film),GILLIS,2.063289205739503,1.9117546751249526
Obsessed (2009 film),DEREK,3.6959574817092133,5.546482232770333
The Little Mermaid (1989 film),Ariel,2.054015117322601,3.4715193394589594
Shallow Grave,ALEX,2.104805442233736,2.0080637740322618
Living in Oblivion,NICK,2.065762720441709,2.4358190213675712
Bram Stokers Dracula,MINA,1.3994334305350271,0.3957741633886099
Meet John Doe,ANN,5.114774841919981,6.2686898759456255
The Limey,WILSON,2.6869952267765758,4.043284796864433
Legend (1985 film),JACK,3.327442202052687,4.469290775711576
Ghostbusters II,VENKMAN,3.27036388846564,3.6570762070289344
From Here to Eternity,PREW,5.1506378020048995,6.780216838180935
Harold and Maude,MAUDE,1.6988666832892254,1.9667018900148157
TMNT (film),RAPHAEL,2.917548142494406,2.7460661095733148
The Way Back,JANUSZ,1.6162440712835375,0.7259299061817942
The X-Files (film),MULDER,4.604251183635951,5.234371683057135
My Mother Dreams the Satans Disciples in New York,MARIAN,3.0778397647079556,3.805912876340905
Chasing Amy,HOLDEN,2.9944872721366687,3.380390524834787
The Hangover,VICK,2.6384312690595966,3.2219045901302947
Mad Max 2,MAX,2.5945396624642623,3.5039357342876514
Elizabeth: The Golden Age,ELIZABETH,4.492606621684587,5.7110625705222
Blood Simple,RAY,3.0189262832818824,2.8262097972001685
Copycat (film),M.J.,3.6371985762597654,3.9988013889409375
Smokey and the Bandit,BANDIT,5.386990206251959,6.675740222664854
The World Is Not Enough,BOND,4.058366541239326,5.0705476947888215
The Hustler (film),EDDIE,4.158673097700124,4.74689518855486
Batman & Robin (film),FREEZE,2.4155279842994295,3.0435385283296306
Alien vs. Predator (film),HIROKO,2.845534472921258,4.247249858016014
American Gangster (film),FRANK,4.504484626533046,5.10947279057712
The Atomic Submarine,REEF,3.428219130030748,4.550143743890757
Bringing Out the Dead,FRANK,4.585939587535789,5.681053882418518
Apollo 13 (film),JIM LOVELL,4.979685410916307,6.9916448477049675
Men in Black (film),KAY,2.828080579610803,3.7886563430967937
The Hills Have Eyes (2006 film),DOUG,2.089072554491833,3.3673061249046325
Bottle Rocket,DIGNAN,3.4391257910836224,4.381257031121751
Miami Vice (film),CROCKETT,3.223798311647434,4.6606118675775265
The Lost Boys,SAM,1.2547528688569558,1.1598450424572657
High Fidelity (film),ROB,3.983075575627737,4.546904305716873
"Happy Birthday, Wanda June",HAROLD,0.76271276980969,-0.783616498596626
April Fools Day (1986 film),ROB,1.918119750137055,3.1085206996542363
Lake Placid (film),KELLY,2.7047763685943753,3.4522217207102237
The Graduate,BEN,4.448368899464653,5.102314845503074
Meet Joe Black,PARRISH,1.810032475212097,0.9945538865752362
Smoke (film),PAUL,2.98852602687517,3.5155845687878595
American Madness,DICKSON,4.740956884549642,6.300402990651606
Pump Up the Volume (film),Mark,1.0808722355782907,0.8108774898067502
Nothing But a Man,DUFF,4.994180478232211,5.585145050007111
Four Rooms,TED,4.637100512795284,5.158294538232258
Confessions of a Dangerous Mind,BARRIS,7.1327084512649375,7.433908724117276
The Help (film),SKEETER,2.085473210852606,2.0021411977185397
Fantastic Mr. Fox (film),FOX,2.8000333140984086,3.717297966786525
Orgy of the Dead,CRISWELL,1.2398524277321035,1.6413500086045842
Dark Star (film),DOOLITTLE,1.6714079846532954,1.6328962799377817
An Officer and a Gentleman,ZACK,3.567961406569535,4.588047258804386
Wanted (2008 film),WESLEY,5.213552621234546,5.708738995618585
The Thing Called Love,MIRANDA,3.370315470274015,4.230876540275182
Salt of the Earth,RAMÓN,5.061870099787648,6.118639755939803
Rust and Bone,ALI,3.2179795146741914,3.39390652907661
Prometheus (2012 film),WATTS,3.7933524060945762,5.569267118049988
Fantastic Voyage,GRANT,2.0381802359829675,3.491833146754701
Precious (film),PRECIOUS,4.674927908197095,5.226716416545567
The Siege,HUB,5.3882718442114115,6.152588672057979
2012 (film),JACKSON,3.5452594603135847,4.159997719234154
American Psycho (film),BATEMAN,4.19785878140557,4.608115271838625
Swingers (1996 film),MIKE,3.3510656320049983,4.241245961467891
Get Shorty (film),CHILI,5.172054879892642,6.234488590489583
The Cider House Rules (film),HOMER,3.0113337124928297,3.5222562636662587
Escape from New York,SNAKE,2.5052184341859443,2.4457040081302654
The Stunt Man,CAMERON,4.2806722829472115,4.877185577137729
Point Break,UTAH,4.2014576347072214,5.099465040370095
This Boys Life (film),TOBY,3.9563612895823796,4.688733052889269
Made for Each Other (1939 film),JOHNNY,4.557655714448707,4.998951314372842
Gothika,MIRANDA,2.7453959868708333,3.5044181467349746
The Boondock Saints,SMECKER,2.2501740820594294,2.275088064132405
The Abyss,BUD,2.45087006372514,2.336970330218526
True Romance,CLARENCE,3.178667259383652,4.916069170390093
Platoon (film),CHRIS,3.2817072156991838,5.368946796207405
Shampoo (film),GEORGE,4.151312878037306,4.66238207723935
The Visitor (2007 drama film),WALTER,4.15499899684388,4.863759997307221
Darkman,JULIE,4.990976769800492,4.036515255307722
Zero Dark Thirty,MAYA,5.205744327360061,6.239203275037207
Innerspace,JOE,3.6310200452962333,4.532681219162262
Source Code,COLTER,3.202126428832667,4.079567517633248
A Bucket of Blood (1995 film),WALTER,2.464026901522906,3.9309600400087232
Harold & Kumar Go to White Castle,KUMAR,4.100841308968294,4.045498544472302
The Deer Hunter,NICK,4.192646243312161,4.585547877173852
Monty Python Live at the Hollywood Bowl,Customer,0.1757499100654988,0.46481237875189757
The Twilight Saga: New Moon,BELLA,4.174958875228671,4.770876221058051
Airplane!,ELAINE,3.4054403635979122,3.388182103974034
Eternal Sunshine of the Spotless Mind,JOEL,3.8437693046682657,4.932871312602458
Twilight (2008 film),BELLA,3.9612817925439865,5.0865617747156815
Oblivion (2013 film),JACK,3.1298431857438063,3.573936029387387
Moneyball (film),BILLY,8.187887036799571,8.830909921009889
Marty (film),MARTY,4.480002515089837,5.2114095711338235
In the Loop (film),SIMON,2.53437136769185,2.3972005381518064
Frequency (film),FRANK,4.277470214570334,4.532938644030484
Wild Things: Diamonds in the Rough,MARIE,2.8809999209166426,3.055304946894521
The Salton Sea,DANNY,4.603481369777444,4.8872815509811955
The Breakfast Club,BENDER,0.6681531047810607,-0.38359934111762667
Love & Basketball,MONICA,4.5856839263318845,5.280669029721811
Argo (2012 film),MENDEZ,6.115201574158887,7.7530821659146545
Milk (film),HARVEY MILK,4.587057432647967,5.512449501087853
The Wrestler (2008 film),RANDY,6.1333388632925985,6.512797861946358
Galaxy Quest,JASON,2.678514822537419,3.3519048945505454
White Squall (film),SKIPPER,3.4565966576099822,5.459235391332654
Ghost Rider (film),BLAZE,4.197263546240067,5.546198735923684
Strangers on a Train (film),GUY,4.082041838594932,4.510814907172783
Monty Pythons Life of Brian,Brian,6.689311001994665,8.418296190296118
Ronin (film),SAM,2.9604169236473137,3.9383974583511616
Happy Campers (2001 film),WICHITA,1.9191421986792858,0.8537859450725995
Romy and Micheles High School Reunion,Romy,3.078299607441979,3.329693147520012
Stepmom (film),JACKIE,2.2314368341558732,2.5865472833216416
10 Things I Hate About You,KAT,2.523573072576179,3.3017220229641335
Superman II,LOIS,3.6162214055915,4.763918322543375
The Tourist (2010 film),FRANK,1.8065354215832055,1.4984935598168012
The Mask (film),STANLEY,5.146205275380197,6.347457866819705
Prom Night (1980 film),KIM,3.280341186198829,4.2809074399237455
True Believer (1989 film),EDDIE,5.358106297689989,6.2467942414668105
Simone (2002 film),VIKTOR,4.743416490252569,5.5199450203985645
Margin Call (film),WILL EMERSON,1.0976121697792556,0.1701943972865852
Full Metal Jacket,HARTMAN,0.9753731740424821,0.9659556580394816
National Lampoons Barely Legal,DEACON,3.675540417051458,4.98610409944679
The Postman (film),THE POSTMAN,5.033866986109399,5.918270790660001
Enough (film),SLIM,5.42833462645928,6.0351641041689055
Wild Things,SAM,2.57949877195188,3.3912076462490393
Above the Law (film),NICO,6.0900772234568485,6.487464256114717
Repo Man (film),OTTO,4.257434153037287,5.818666649395529
Newsies,JACK,4.893751886684023,3.969565775601544
Eyes Wide Shut,BILL,4.772482723643811,5.084083864819291
Cedar Rapids (film),TIM,4.791379344436201,5.714894767779173
Minority Report (film),ANDERSON,5.073685079410786,5.491211657098884
Shrek,SHREK,2.7095882550879806,3.422585984755172
Heist (film),MOORE,2.694414353615931,3.265399221711254
The Straight Story,ALVIN,5.026214098333971,5.626451479016982
Gang Related,DIVINCI,4.501390160815529,5.74109504639064
Human Nature (film),NATHAN,2.543994912015264,1.8214898812800355
The Crow: Salvation,ALEX,3.9473710048308215,4.552622295248497
Man on Fire (2004 film),CREASY,5.040951726078322,5.769119385874751
Alien: Resurrection,CALL,1.5101780541055552,1.4142595743233173
Pokémon: Mewtwo Returns,Mewtwo,3.0972928439966734,3.999668466173938
Frozen (2010 American film),LYNCH,1.4408422383464974,3.1302609421878724
S. Darko,SAM,3.0578636019961247,3.3493877442642135
Dave (film),DAVE,5.502908052865381,6.87063064806158
King Kong (2005 film),DENHAM,3.500112739789509,4.7578349629279835
Paul (film),CLIVE,2.75536286900243,2.937158845063901
The Matrix Reloaded,MORPHEUS,2.2099424565411616,1.9719178652070788
Cross of Iron,STEINER,3.3978226944959697,4.487994157331222
Pitch Black (film),FRY,1.4395162675248463,2.8157588346933697
Ghost World (film),ENID,5.047768846372573,5.901437245758277
Eastern Promises,NIKOLAI,2.5281699032086604,3.5987284718457713
The Jackie Robinson Story,JACKIE,6.706874443921648,7.876902849831764
Léon: The Professional,LEON,2.653318723905322,2.94082285846397
Things to Come,CABAL,4.800947186501912,4.113371435413366
Emma (1932 film),EMMA,3.1114009991979765,4.531452425993128
Cowboys & Aliens,JAKE,2.4989056026592538,4.072707023724967
Anna Karenina (2012 film),ANNA,4.0921747952504814,4.915762069964965
Excalibur (film),ARTHUR,2.873860320804624,3.0177124203203722
Ninotchka,NINOTCHKA,3.808246984905156,4.366925028319531
The Last Boy Scout,HALLENBECK,4.395614458721649,5.016810842490581
The White Ribbon,SCHOOLTEACHER,2.3353372696589774,2.73378926696619
Titanic (1997 film),ROSE,3.8136246659675965,5.091610124110576
Election (1999 film),JIM,4.289988894091127,5.107004881495152
Tinker Tailor Soldier Spy (film),SMILEY,3.8932927846007943,4.45917197721955
Monte Carlo (2011 film),ALICE,3.0504266222269214,4.337321032472551
Sense and Sensibility (film),ELINOR,2.5793955957617394,4.293222495616032
Freddys Dead: The Final Nightmare,JACOB,3.9379551339120304,4.237634191447852
Lord of Illusions,HARRY,3.416185255486555,4.824819443381227
Black Swan (film),NINA,3.079973201825682,3.5800428225809027
The Wedding Date,KAT,2.946785418688892,3.9635181794366234
Funny People,GEORGE,4.162929025883884,4.7860923192049984
Domino (film),DOMINO,5.096104584931894,6.352277166527031
The Curious Case of Benjamin Button (film),BENJAMIN,3.519627780497825,3.7437700859862773
The Rocky Horror Picture Show,FRANK,1.9663925606744743,2.068882377817107
Speed Racer (film),SPEED,4.066879201087991,5.3578104859677715
The Deep End of the Ocean (film),Beth,2.9909653962850564,3.6443035326541744
Orphan (film),KATE,3.7865243797242103,4.40944549577886
So I Married an Axe Murderer,CHARLIE,4.931557709072104,5.853051312623401
Face-Off,ARCHER,4.023381973519999,4.844893895146691
Memento (film),LEONARD,4.629594462327842,5.074335225512582
Clash of the Titans (2010 film),PERSEUS,3.8115392027434147,5.169643341415669
The Big Blue,ENZO,2.882548968774951,2.894202526251742
The Lost World: Jurassic Park,MALCOLM,3.1619180318932654,4.695195519827074
The Distinguished Gentleman,TOMMY,4.675806422684546,6.160116371300608
Lost Horizon (1937 film),CONWAY,3.7644132947135533,4.317015337538169
Jerry Maguire,JERRY,4.808510638297872,5.452500089779321
The Road (2009 film),MAN.,2.9904322039153772,3.510955971433823
Office Space,PETER,2.28438097926677,3.27946945823383
Blast from the Past (film),ADAM,4.585747787880316,5.030273615715998
The Cable Guy,CABLE GUY,2.9277104099313807,2.494083281105938
The Talented Mr. Ripley (film),RIPLEY,3.0903427545518887,3.6314251349535596
Forrest Gump,FORREST,7.7782530267360634,8.25384696300313
Warm Springs (film),FRANKLIN,4.824662113127182,6.469872611331097
Double Indemnity (film),NEFF,4.026388741732476,4.660375254240818
The Debt (2011 film),RACHEL,4.442234374867984,5.401134396660638
A Nightmare on Elm Street 5: The Dream Child,ALICE,5.291167977211391,6.171234272649686
Jackie Brown (film),JACKIE,3.846057040074652,4.257271177639059
Bachelor Party (1984 film),RICK,4.861914039997266,6.648875886741771
Save the Last Dance,SARA,3.8136003877272615,4.818270086071951
Tomorrow Never Dies,BOND,6.518039916915705,7.492878200968175
Surrogates (film),GREER,5.795366562214584,6.601753490656509
Analyze This,BEN,4.076209600900689,4.736848030201055
Bean (film),DAVID,3.3282188948267732,3.1081212801183655
House of 1000 Corpses,JERRY,1.9616463843166214,1.4344796673081668
Someone to Watch Over Me (film),MIKE,3.103156688873001,3.8968441238583678
Sweeney Todd: The Demon Barber of Fleet Street (2007 film),TODD,2.2474841120958393,1.507174415869699
Being There,CHANCE,5.268090376257562,6.294194545274697
The Last Samurai,ALGREN,3.226174689163623,4.0369322978722035
Bad Teacher,ELIZABETH,4.885872280127327,5.8072906088560154
Practical Magic,Sally,2.249143529555496,2.9831151474834368
Hardcore (1979 film),JAKE,5.089324534356074,5.608655695584121
Life (1999 film),RAY,4.393616766975121,5.62439080563609
Under Fire (film),PRICE,4.158618153297595,5.040410305983728
The Bridges of Madison County (film),FRANCESCA,3.8792542329375133,4.869372354538134
Body Heat,RACINE,3.5029118498681413,4.295760514677172
New York Minute (film),DREW,4.364724293345664,5.346514412817431
His Girl Friday,HILDY,5.09664881985836,6.837456710148065
Margot at the Wedding,MARGOT,2.6590050696619754,3.780157910073552
The Flintstones (film),FRED,3.242774126775587,4.644461228289256
Changeling (film),CHRISTINE,5.584150651165533,6.828815552300902
Mission to Mars,MCCONNELL,2.394214227691972,2.885445498478232
Year One (film),ZED,4.839834915421836,5.940944891207732
Krull (film),COLWYN,3.7226979879186337,4.841520204828688
As Good as It Gets,MELVIN,4.2777044295652304,4.811484106474827
Midnight Express (film),BILLY,3.8367637928028393,4.151298942089177
Martha Marcy May Marlene,MARTHA,2.261078158230673,3.4828526557846122
Mighty Morphin Power Rangers: The Movie,IVAN,2.2980217707934343,4.2894399595609
Dawn of the Dead,Peter,0.4050650193523412,-0.1354166162567142
L.A. Confidential (film),EXLEY,4.723319858079383,6.2076397476667005
Hannibal (film),STARLING,5.836390617237438,6.343669728233986
The Shining (film),JACK,3.689384866565376,3.957639882954089
Flightplan,KYLE,4.299368915159975,5.265660745952524
The Cooler,BERNIE,3.110533221816989,4.206220058008917
8mm (film),WELLES,4.763046123597557,5.14899892802058
Blood and Wine,ALEX,3.661317770067367,4.285955334035755
Willow (film),WILLOW,4.164234352876443,5.082592239744764
Big (film),JOSH,2.4028466566610636,3.328780739385414
Tristan & Isolde (film),ISOLDE,0.8218224606706392,-0.12818299897923166
Plan 9 from Outer Space,LT. HARPER,3.415834680700272,3.746241832124331
Strange Days (film),LENNY,4.747029824440423,5.246477352376228
Go (1999 film),RONNA,2.6157284641625345,3.2114311205611057
Smashed (film),KATE,5.343962870331955,5.727139128370619
Beetlejuice,BARBARA,3.311019829472669,4.250860929382293
Fletch (film),FLETCH,6.234157521269415,6.3800090327694825
Carrie (1976 film),CARRIE,2.59075341886204,3.774332245752537
Wall Street (1987 film),BUD,5.261208298651402,5.868330481299412
RKO 281,WELLES,4.222648636871823,5.128411736584151
This Is Spinal Tap,David,2.784382788329665,3.8070899503779234
Count Dracula (1970 film),HELSING,1.1246200428145585,0.41052740286564265
Almost Famous,WILLIAM,4.359511465653217,5.631589703236516
Tin Men,TILLEY,3.2693379251841423,4.107529064589549
Shrek the Third,SHREK,4.025964931841408,5.512058989509209
The Seventh Seal,KNIGHT,1.4497612914177442,1.0191802220455086
The Rage: Carrie 2,RACHEL,3.923898255009336,5.378612378436265
Confidence (2003 film),JAKE,3.1505348584168766,4.320693369298011
Mirrors (film),BEN,4.658449251122883,4.852699714130552
Friday the 13th (1980 film),ALICE,1.8324928836394365,1.2608554502784326
Philadelphia (film),ANDREW,5.414925378801284,5.127197195189414
Death to Smoochy,SHELDON,3.781999582464873,4.990751785957845
Heavenly Creatures,PAULINE,2.1329882768476898,2.4980915507728505
John Q,J.Q.,4.990968517260937,6.185810171924616
Watchmen (film),DAN,2.264523857921348,2.2155127867789517
Pearl Harbor (film),RAFE,4.677265628097202,5.043427186827081
Revolutionary Road (film),FRANK,3.047505999613382,3.767341559978963
Unforgiven,MUNNY,2.8367380344822886,3.4985086710257174
EDtv,ED,6.064298443196336,7.127012236292685
Boys on the Side,JANE,3.3874024129448586,4.431632182431758
Halloween: The Curse of Michael Myers,KARA,3.154718735439429,3.3002991567900555
Lara Croft: Tomb Raider,LARA,3.877548559415659,4.965071057694705
Catwoman (film),PATIENCE,1.5005196605040707,0.809329297437085
Nixon (film),NIXON,6.5390849195326295,7.343538158727037
Valkyrie (film),STAUFFENBERG,4.728237673746806,5.908313805718811
Slumdog Millionaire,JAMAL,5.022911062659791,6.10304783367136
25th Hour,MONTY,4.960744167441861,5.943886468173939
Mary Shelleys Frankenstein (film),VICTOR,4.437407715958839,5.055294999468382
Coriolanus (film),CORIOLANUS,2.7021702644228456,3.390599608512325
Brazil (1985 film),SAM,5.43284061149556,5.894988463814909
My Girl (film),VADA,3.7586021738145345,3.796023495950317
Chill Factor (film),MASON,2.9011077792375786,2.6871442911967867
Alien 3,RIPLEY,2.0745119489929156,2.297805731669834
Trainspotting (film),RENTON,2.24010541920612,3.6202231211535523
Gods and Monsters,WHALE,2.928880221207502,3.2974976118799577
An American Werewolf in Paris,ANDY,4.072605685575367,5.114976581893934
Thirteen Days (film),KENNY,3.348831624453057,4.304196373714549
Amadeus (film),MOZART,4.035711721864487,4.140182201579255
Invaders from Mars (1986 film),JIMMY,3.096460319414992,3.691925556805661
The Wild Bunch,PIKE,3.944960280124877,4.8480760238557385
Coraline (film),CORALINE,5.149540113291038,5.291342580511657
Ride the High Country,JUDD,3.2822408026209238,5.017232740650333
My Own Private Idaho,MIKE,3.477273151684891,4.250760545702828
48 Hrs.,CATES,5.23616429282436,6.249032595757822
Willard (2003 film),WILLARD,5.157882368641219,5.867271462515327
Mimic (film),SUSAN,4.565802904583351,5.60705158518467
Star Wars Episode I: The Phantom Menace,ANAKIN,4.114372469678006,5.852633536233639
To Sleep with Anger,HARRY,1.2582798489462788,0.10125456153506311
Shakespeare in Love,WILL,4.550452813540045,5.741656711699097
Pride & Prejudice (2005 film),ELIZABETH,3.6693996524195867,5.537936045954308
The Life of David Gale,BITSEY,2.804887644057749,2.63102456332969
Lost Souls (film),PETER,4.241366429488165,5.266651444612814
The Man Who Wasnt There (2001 film),ED,5.563486402641868,6.064187722204028
The Crow: City of Angels,ASHE,3.0428067391729687,4.47650970447239
The Anniversary Party,SALLY,2.2674985612878222,2.6441086118139694
Pirates of the Caribbean: Dead Mans Chest,JACK SPARROW,2.7392673145306827,1.5622717422029204
Zulu Dawn,CHELMSFORD,3.6663142889169067,5.089617802034786
Raiders of the Lost Ark,INDY,4.279807190213865,4.9324327181623575
The English Patient (film),ALMÁSY,2.442109672654671,1.9967223433856607
Signs (film),GRAHAM,2.772835384841403,3.4907384971170865
Adaptation (film),KAUFMAN,3.4807690852249213,4.194280786003647
ParaNorman,NORMAN,3.178118045405493,4.520077558414106
The Battle of Algiers,MATHIEU,2.478860313819249,1.5089165514503329
Get Carter,CARTER,4.83017859098088,4.960894912220209
Insidious (film),JOSH,2.857738033247041,2.732668161355553
Dumb and Dumber,LLOYD,3.95847085696279,4.799882838032708
A Walk to Remember,LANDON,3.6935220675065548,4.763130283001691
Cirque du Freak: The Vampires Assistant,DARREN,4.130434782608696,5.291098808416001
Reindeer Games,RUDY,3.44355987446289,4.642320245576855
Semi-Pro,JACKIE MOON,5.0557904307046115,6.408023921118618
St. Elmos Fire (film),LESLIE,1.846963562791969,1.2702783876987729
Happiness (1998 film),JOY,3.1725105750327005,3.9904865723956138
Public Enemies (2009 film),DILLINGER,7.783862472856411,8.519217060181408
The Time Machine (2002 film),ALEXANDER,4.1274753943457725,4.333811091812768
Mr. Smith Goes to Washington,JEFFERSON,4.541793034807362,5.535768717376536
Taking Sides (film),STEVE,2.6343422397525686,3.176793408574947
Rebecca (1940 film),I,3.250990819522746,4.299324783149578
My Best Friends Wedding,JULIANNE,4.040205824324781,4.745482737058789
Little Miss Sunshine,RICHARD,3.1394490521231893,4.033971057839991
Stagecoach (1939 film),CURLY,1.5586689214373737,0.6002879805399478
The Devils Advocate (1997 film),KEVIN,4.093793037795447,5.285482548496351
Body of Evidence (1993 film),DULANEY,3.229465567669167,4.247739246182915
Highlander (film),MACLEOD,4.804727017994363,5.164752804595374
Ninja Assassin,MIKA,3.8910461847856666,3.4761318645354478
Rear Window,JEFF,3.0235394895347607,3.528088135352341
Friday the 13th Part VI: Jason Lives,MEGAN,2.4557762529198963,1.3928456731843084
Nick of Time (film),GENE,3.441838198430547,4.314154844616259
The Company of Wolves,ROSALEEN,2.94428504615122,3.3314581727650063
X-Men (film),LOGAN,1.2643112669643757,0.5783784169756235
Bones (2001 film),PATRICK,1.653249626823344,0.7928301604521695
Terminator 2: Judgment Day,JOHN,3.0838356968215526,3.208569814594209
Ill Do Anything,MATT,4.287436330163071,5.166886640396343
Spanglish (film),JOHN,2.4668602410829457,3.005681744294107
The Book of Eli,ELI,3.580247415690999,4.305504606408785
Whiteout (2009 film),CARRIE,2.7517555060836734,3.815111229282246
Drag Me to Hell,STEPHANIE,4.390684943625228,4.801244382507556
Tin Cup,TIN CUP,3.33002575421981,4.640368578809832
The Empire Strikes Back,HAN,1.8359277393062436,0.9609483088038802
THX 1138,THX,2.5680034443636477,2.5069486341117067
Taking Lives (film),GRACE,3.132221385983247,3.6787018571962307
Gladiator (2000 film),MAXIMUS,2.4088652056408977,3.505713549127713
Oceans Twelve,DANNY,2.2453110823757236,2.612452999451747
Mean Streets,CHARLIE,4.369913066491384,5.223539420141051
Being John Malkovich,CRAIG,2.7034463676525418,2.5684881501108188
Halloween 4: The Return of Michael Myers,RACHEL,2.571725579273539,3.312043095623364
Serenity (film),MAL,3.1697866425324306,4.656400261349117
Shine (film),PARKES,0.7071067811865479,1.7218329227553915
Back to the Future,MARTY,5.095469205615532,6.035747892636049
I Am Sam,SAM,4.531117372721217,5.75332653092615
Gandhi (film),GANDHI,7.731168772807362,8.490907658905847
The Leopard Man,JERRY,2.410723325512761,1.229419198798883
The Transformers: The Movie,HOT ROD,4.151423364173024,5.2000563002032765
The Long Kiss Goodnight,CHARLY,2.713731947940201,2.6439832118085156
The Last Temptation of Christ (film),JESUS,5.696961356144373,6.4563392170399725
Saw (film),LAWRENCE,2.3717082451262845,3.0914602892257044
Army of Darkness,ASH,3.8716439087313534,4.400559340876604
El Mariachi,DOMINO,0.4743416490252569,-0.40090245320434154
Legion (2010 film),BOB,0.948093806960211,-0.022520603363863682
No Country for Old Men (film),MOSS,3.5870699955235663,4.014845573091661
Cars 2,MATER,4.151671163334345,4.93106500609079
Thunderheart,RAY,4.389411311534316,5.180594671827534
Casino (film),ACE,6.769275151517598,7.562294719029003
Alien (film),STANDARD,1.1798751048979272,2.4188315916278085
Arcade (film),ALEX,4.354175998911047,5.355740473377266
Bridesmaids (2011 film),ANNIE,5.796607502647011,6.875608194349504
Birthday Girl,JOHN,3.680607966083864,4.226577099551922
Up in the Air (2009 film),RYAN,4.857644340302101,5.21569650737095
The Informant!,WHITACRE,6.3837122273142635,7.513084663035996
Natural Born Killers,MICKEY,4.540463910788319,5.369614291794212
A Nightmare on Elm Street 3: Dream Warriors,NANCY,3.3127355952891553,4.5521617508432275
Killing Zoe,ERIC,3.013241134103561,3.722088782250656
Gamer (film),KABLE,4.216496905470956,5.210319458064177
Donnie Darko,DONNIE,3.7820181453494235,4.710248953685672
The Adventures of Buckaroo Banzai Across the 8th Dimension,BUCKAROO BANZAI,3.8610960435335473,5.862740773763
Fatal Instinct,NED,4.386033710610257,5.179736386860699
The Master (2012 film),FREDDIE,4.9090578544442,5.548897308670742
Red Planet (film),GALLAGHER,2.1046098310159738,3.3279095761374715
Cube (film),QUENTIN,0.8944271909999159,1.0
Peggy Sue Got Married,PEGGY,4.996647616971271,6.218379048661737
Youve Got Mail,KATHLEEN,4.1585761381657695,5.093278372901738
The Fisher King,JACK,4.517620254484819,5.095807160857479
Man Trouble,JOAN,4.051982592607017,4.245363957897785
The Back-up Plan,ZOE,3.247667587633312,4.204192918899432
Jaws (film),BRODY,3.5514050042904293,4.368163869875878
Hall Pass,RICK,3.7477865583012213,4.315187813377584
The Insider (film),LOWELL,5.807757425108909,6.8321393217596285
Twins (1988 film),VINCE,3.6949171086848915,4.18784051106383
Raging Bull,JAKE,3.6122916241658167,4.060313018113228
Moonstruck,LORETTA,4.729647472845233,5.658407180719952
Jurassic Park (film),GRANT,2.5930166618362307,3.986703499957971
The Blind Side (film),LEIGH ANNE,4.817277459048051,5.953023574577483
Machine Gun Preacher,SAM,5.140921687770457,6.009458442226703
Isle of the Dead (film),GENERAL,1.5419887346027925,2.477922932587753
Broadcast News (film),JANE,3.65388649496547,4.471575727488327
A.I. Artificial Intelligence,DAVID,4.606585543815814,5.69239262879629
Diner (film),BOOGIE,4.2412688990622325,5.592626850836224
Sugar & Spice,DIANE,3.905626729373762,2.8101186482388925
Fargo (film),MARGE,2.944093050380391,3.1523070240589965
Clue (film),WADSWORTH,1.953563476422063,3.764623034458596
Honeydripper (film),TY,3.5296248274652475,4.022675023684857
Cold Mountain (film),ADA,2.4821595661059264,2.053908721977317
Sphere (film),NORMAN,3.444732370208491,4.830076804928918
Superman (1978 film),LOIS,1.7238817250844785,0.9662052382056889
While She Was Out,CHUCKIE,1.1580832214028864,0.08265779977219018
Stigmata (film),KIERNAN,3.6261557527050283,4.428091513224469
Game 6,NICKY,4.942610362187471,5.311211247892894
Back to the Future Part III,Marty,3.297858111691636,4.4116261111022865
Pretty Woman,VIVIAN,3.4233773083202426,4.262437000506307
Little Nicky,NICKY,5.1324969945562735,6.459984499662668
Sherlock Holmes (2009 film),HOLMES,4.029359727568757,4.384982998402552
Return of the Jedi,HAN,2.4124330994869845,3.31500867754567
The African Queen (film),ALLNUT,4.300744397218133,4.957853767880804
Demolition Man (film),SPARTAN,3.192317836600455,3.8862810099672354
Youth in Revolt (film),NICK,4.607415232229868,5.5882345083124685
Jennifers Body,NEEDY,4.2098368456358495,4.848458868340236
Kundun,TENZIN GYATSO,5.273344967048949,5.550147173888267
Schindlers List,SCHINDLER,6.077242093275631,6.484201469883986
The Taking of Pelham One Two Three (1974 film),BLUE,5.673182325558875,7.642325321309545
U Turn (1997 film),BOBBY,3.775095561585472,4.315586324009257
Judge Dredd (film),DREDD,3.529866036184605,4.353489552518895
Crash (1996 film),JAMES,1.9044331628182156,2.711114012653687
Angel Eyes (film),SHARON,3.9487484132349704,4.23274104215343
When Harry Met Sally...,Harry,2.257880057925116,2.354785351636575
Kill Bill Volume 2,THE BRIDE,6.163575731321369,7.1119390650859025
Broken Arrow (1996 film),HALE,3.988220956423844,4.88440539446373
The Faculty,CASEY,1.656017363776053,2.110948486030123
Date Night,PHIL,4.835721408346978,5.861228040570763
How to Train Your Dragon (film),HICCUP,2.0069785042142736,3.323798831443016
500 Days of Summer,TOM,3.538764569555432,4.204388525649347
Jurassic Park III,GRANT,2.548123073358894,3.732742990719147
Autumn in New York (film),WILLS,3.8705818974802835,4.432485909488601
The Dark Knight (film),DENT,3.3623597491962443,2.492343029289282
Serial Mom,MOM,4.405172413793103,5.986286717798498
The Haunting (1999 film),NELL,2.716269316897606,3.4703501084115733
The Wild One,JOHNNY,3.594596195741726,4.315780818425495
The Shawshank Redemption,RED,3.724629677492975,4.864943327987572
"Lock, Stock and Two Smoking Barrels",EDDY,2.9279435279995787,3.931207465081793
American Pie (film),KEVIN,2.9491363150308807,3.114730404934433
Angels & Demons (film),LANGDON,3.6666666666666665,4.679412588982607
Austin Powers: The Spy Who Shagged Me,AUSTIN,4.0531103517784715,3.0770933812123458
Jaws 3-D,MIKE,3.97584901128393,4.672749110138305
Sounder (film),DAVID LEE,3.863481992805059,4.751990919934077
State and Main,JOE,3.5609803172485575,5.240582033152477
Lost in Space (film),WEST,2.5210496667868405,3.490377033429751
Phantasm (film),MIKE,1.8864844365675968,1.800773347631545
Six Degrees of Separation (film),OUISA,4.945404063416861,5.732742655058373
Commando (film),MATRIX,4.096786682207884,4.566621478924306
Scream (1996 film),SIDNEY,2.339823414130724,2.694599856519164
The Morgue,Randy,3.3867965041945522,4.363731108778824
Scream 2,SIDNEY,3.0964335277795874,3.4891810680097195
Collateral Damage (film),GORDY,5.62432072401258,6.131135574066284
Henry Fool,HENRY,2.761784495323865,3.476563577760483
Scary Movie 2,CINDY,2.6805336581150545,4.714135619643535
Silver Bullet (film),MARTY,2.578633484881217,2.8356570736152804
Godzilla (1998 film),NICK,4.575987242097898,5.8525604339302735
Final Destination (film),ALEX,5.540314544840148,6.601421539978316
"The Adventures of Priscilla, Queen of the Desert",BERNADETTE,2.4782896844457056,3.4568930161168256
Dracula (1979 film),LUCY,0.9078551168782434,0.33463396912526944
Fear and Loathing in Las Vegas (film),DUKE,5.471198372194795,6.068413742662666
Hero (1992 film),BERNIE,6.561627972541702,7.531219227353123
The Stone Tape,BROCK,2.0601200179089023,2.262160514639739
The Departed,COLIN,3.098522512481153,3.3498490228423763
The Woodsman,WALTER,3.470814252055509,4.852962737286877
The Thing (1982 film),MACREADY,1.7046180424305042,3.518442932985821
Hotel Rwanda,PAUL,6.027082409271935,6.610191216088463
Dark City (1998 film),BUMSTEAD,4.083697748559178,4.5259135719097445
Amelia (film),AMELIA,4.8451366675986485,6.544288340477605
Affliction (film),WADE,3.9725399905750467,4.736675978459627
Conan the Barbarian (2011 film),CONAN,3.5158902606617284,4.361960853608733
Its a Wonderful Life,GEORGE,6.454892662493701,7.450850889702429
Beginners,OLIVER,4.379500771448734,5.126852388012466
Tremors (film),VAL,1.7636594578631717,3.320422403323687
Indiana Jones and the Temple of Doom,INDIANA,2.2777777777777777,2.478213495218498
All the Kings Men (1949 film),WILLIE,3.9312269655344823,4.65639997459825
Star Trek V: The Final Frontier,KIRK,3.0777488116495912,4.099358338718641
The Piano,STEWART,1.7474081133220756,0.7948916183273632
Star Trek (film),KIRK,4.47784329226674,3.9560887191360394
Two for the Money (film),BRANDON,4.681912013041039,5.386931934613173
Terminator Salvation,MARCUS,4.011732361021028,4.836450758587156
Batman Begins,WAYNE,4.241496627479651,5.5879525784922
The Crying Game,FERGUS,2.1289851816493983,2.622761995198728
Gremlins 2: The New Batch,BILLY,4.7298148294217865,6.250824678535372
Tropic Thunder,SPEEDMAN,2.9488207075283306,3.797421218654404
The Man Who Knew Too Much (1956 film),BEN,4.094493081954743,4.2274408868708155
Stalag 17,SEFTON,1.4543998929078596,2.491302864374913
Storytelling (film),TOBY,2.7136021011998723,3.8354696970115025
The Messenger: The Story of Joan of Arc,JEANNE,4.648168299421738,5.815073270788088
Pineapple Express (film),DALE,3.9571256049789345,4.946549001147707
War Horse (film),ALBERT,4.871720042688635,5.581073562609107
X-Men Origins: Wolverine,LOGAN,3.784947531283563,4.468812081341135
Big Trouble in Little China,JACK BURTON,2.7050089040022964,3.03757091451424
The Usual Suspects,VERBAL,3.087935263163603,3.905688900278648
Escape from the Planet of the Apes,LEWIS,1.8659924198247366,1.9595917942265426
Capote (film),TRUMAN,4.2777956294550075,5.142915577399662
Good Will Hunting,WILL,3.215960472195659,3.941987073558902
Unbreakable (film),DAVID,4.100997661323621,4.37491612652944
Sideways,MILES,4.28728998286198,4.803449353156081
Yes Man (film),CARL,5.823902023520687,6.892850905463651
Starship Troopers (film),JOHNNY,5.203093363370874,6.796150274352751
The Bourne Identity (2002 film),BOURNE,4.474133950398301,5.284727165250856
Blade: Trinity,KING,3.775029211381936,4.883057244946493
Machete (film),ELEKTRA,3.22415709968302,3.87838813626381
Rambling Rose (film),DADDY,2.745001247200765,3.6860422076824677
Raising Arizona,HI,4.7776778531517605,5.076953109630218
Hellraiser III: Hell on Earth,JOEY,3.901632711958613,4.429536719653573
Midnight Cowboy,JOE,5.402476555271124,5.948426482130808
The Believer (film),DANNY,6.18570515035847,6.947552422558978
Man on the Moon (film),ANDY,6.1642845780550335,7.161382630419792
Cobb (film),COBB,4.214186853473472,4.442685925905333
The Blair Witch Project,Heather,2.797514424720941,2.995387585313148
Liar Liar,FLETCHER,6.343654019726251,7.010631205214268
The Jazz Singer,JACK,,
City of Joy (film),MAX,4.2102108135876115,4.8683159487951
Total Recall (1990 film),QUAID,4.946180183103861,6.235676515328087
The Big Lebowski,DUDE,6.545732788865171,7.2547706270615135
Hostage (film),TALLEY,5.890943756861222,6.2401618431773445
Gangs of New York,AMSTERDAM,4.2727595906664835,5.479546273412651
The Day the Earth Stood Still,KLAATU,4.37172103572862,4.786760603691358
Bruce Almighty,BRUCE,5.499580043243187,6.166816737497683
The Prophecy,DAGGETT,3.612212354831903,4.660447710642447
Citizen Kane,KANE,5.914119247795169,6.30563109568045
Nightbreed,LORI,2.9123260386646566,3.205246008726866
The Ploughmans Lunch,JAMES,4.241764380038344,4.872558374291223
Toy Story,WOODY,3.038194929883649,3.2299279825923586
Kramer vs. Kramer,TED,5.398820454951556,7.233550402217091
Shivers (film),ST. LUC,2.5099257997869118,2.7000681896145595
One Flew Over the Cuckoos Nest (film),MCMURPHY,3.8446094597254246,5.633132895014903
Shes Out of My League,KIRK,4.252871037950678,4.544637682377695
Bull Durham,ANNIE,2.3120661978392794,2.9629010291029223
Arthur (2011 film),ARTHUR,4.555955054365561,5.365622901821821
The French Connection (film),DOYLE,3.830766032798544,5.001739430377765
Burn After Reading,LINDA,2.877255427632412,2.9302948916926166
Mr. Brooks,MR. BROOKS,2.664036764777818,1.646462163249014
Blade Runner,DECKARD,4.231532072656957,4.858358848010564
Alien Nation (film),SYKES,4.020970136275583,4.717214378468706
Come See the Paradise,LILY,2.7314634261715063,1.8310603394594989
Melvin and Howard,MELVIN,5.349357514371843,5.659213097651373
Wind Chill (film),GIRL,2.765593926016196,3.539888024232823
The Apartment,BUD,3.875970460172016,4.573349959861402
Dogma (film),BETHANY,2.5524011875651387,3.2349138132312207
Croupier (film),JACK,3.662363899213408,4.588612403657903
Whos Your Daddy (film),TED,2.6555879272326504,3.0074271074114254
Bad Day at Black Rock,MACREEDY,2.5582355643228896,4.1315206020872335
The Ides of March (film),STEPHEN,2.2877594099704277,2.982366816389457
Barry Lyndon,RODERICK,5.81906655547204,6.070579563723795
The Matrix,NEO,3.268043660100013,5.030699514682287
"I, Robot (film)",SPOONER,4.36615672396887,5.080338877155093
Father of the Bride (1991 film),GEORGE,3.457053588273564,4.329671869706867
The Age of Innocence (1993 film),ARCHER,3.195366918016847,4.460202222280088
The Beach (film),RICHARD,3.77506802344707,4.230249974620619
Kung Fu Panda,PO,2.493646749576838,2.864997092429073
Warrior (2011 film),BRENDAN,2.5977407809457014,3.3800971107702744
Intolerable Cruelty,MILES,4.443260463653207,5.191051000015651
Lost in Translation (film),BOB,3.1879989413884338,3.653513164525817
The Things My Father Never Taught Me,MELVIN,1.732050807568877,1.7320508075688774
Code of Silence (film),EDDIE,4.826693453801442,5.5967896252672285
The Nightmare Before Christmas,JACK,3.768891807222045,4.72396357255607
The Patriot (2000 film),MARION,5.319379749761999,6.406604525892644
Pi (film),MAX,3.9387597335606883,4.3187699286921335
The Three Musketeers (1993 film),D'ARTAGNAN,2.122751023241849,2.921597174024668
